id,date,price,bedrooms,bathrooms,sqft_living,sqft_lot,floors,condition,grade,sqft_above,yr_built,zipcode,lat,sqft_living15,sqft_lot15
7129300520,20141013T000000,221900,3,1,1080,5650,1,3,7,1080,1955,98178,47.5102,1340,5650
6414100192,20141209T000000,538000,3,2.25,2570,7242,2,3,7,2170,1951,98125,47.721,1690,7639
5631500400,20150225T000000,180000,2,1,770,10000,1,3,6,770,1933,98028,47.7379,2720,8062
2487200875,20141209T000000,604000,4,3,1960,5000,1,5,7,1050,1965,98136,47.5208,1360,5000
1954400510,20150218T000000,510000,3,2,1680,8080,1,3,8,1680,1987,98074,47.6168,1800,7503
7237550310,20140512T000000,1.23E+06,4,4.5,5420,101930,1,3,10,3890,2001,98053,47.6561,4760,101930
1321400060,20140627T000000,257500,3,2.25,1715,6819,2,3,7,1715,1995,98003,47.3097,2238,6819
2008000270,20150105T000000,291850,3,1.5,1060,9710,1,3,7,1060,1963,98198,47.4095,1650,9710
2414600126,20150415T000000,229500,3,1,1780,7470,1,3,7,1050,1960,98146,47.5123,1780,8103
3793500160,20150312T000000,323000,3,2.5,1890,6560,2,3,7,1890,2003,98038,47.3684,2390,7570
1736800520,20150403T000000,662500,3,2.5,3560,9796,1,3,8,1860,1965,98007,47.6007,2210,8925
9212900260,20140527T000000,468000,2,1,1060,6000,1,4,7,860,1942,98105,47.69,1330,6000
104101516,20140528T000000,310000,3,1,1430,19901,1.5,4,7,1430,1927,98028,47.7558,1780,12697
6054650070,20141007T000000,400000,3,1.75,1370,9680,1,4,7,1370,1977,98074,47.6127,1370,10208
1075000570,20150312T000000,530000,5,2,1810,4850,1.5,3,7,1810,1900,98107,47.67,1360,4850
9297300055,20150124T000000,650000,4,3,2950,5000,2,3,9,1980,1979,98126,47.5714,2140,4000
1875500060,20140731T000000,395000,3,2,1890,14040,2,3,7,1890,1994,98019,47.7277,1890,14018
6865200140,20140529T000000,485000,4,1,1600,4300,1.5,4,7,1600,1916,98103,47.6648,1610,4300
16000397,20141205T000000,189000,2,1,1200,9850,1,4,7,1200,1921,98002,47.3089,1060,5095
7983200060,20150424T000000,230000,3,1,1250,9774,1,4,7,1250,1969,98003,47.3343,1280,8850
6300500875,20140514T000000,385000,4,1.75,1620,4980,1,4,7,860,1947,98133,47.7025,1400,4980
2524049179,20140826T000000,2.00E+06,3,2.75,3050,44867,1,3,9,2330,1968,98040,47.5316,4100,20336
7137970340,20140703T000000,285000,5,2.5,2270,6300,2,3,8,2270,1995,98092,47.3266,2240,7005
8091400200,20140516T000000,252700,2,1.5,1070,9643,1,3,7,1070,1985,98030,47.3533,1220,8386
3814700200,20141020T000000,329000,3,2.25,2450,6500,2,4,8,2450,1985,98030,47.3739,2200,6865
1202000200,20141003T000000,233000,3,2,1710,4697,1.5,5,6,1710,1941,98002,47.3048,1030,4705
1794500383,20140626T000000,937000,3,1.75,2450,2691,2,3,8,1750,1915,98109,47.6386,1760,3573
3303700376,20141201T000000,667000,3,1,1400,1581,1.5,5,8,1400,1909,98102,47.6221,1860,3861
5101402488,20140624T000000,438000,3,1.75,1520,6380,1,3,7,790,1948,98105,47.695,1520,6235
1873100390,20150302T000000,719000,4,2.5,2570,7173,2,3,8,2570,2005,98052,47.7073,2630,6026
8562750320,20141010T000000,580500,3,2.5,2320,3980,2,3,8,2320,2003,98027,47.5391,2580,3980
2426039314,20141201T000000,280000,2,1.5,1090,1265,3,3,7,1090,2005,98133,47.7274,1390,1756
461000390,20140624T000000,687500,4,1.75,2330,5000,1.5,4,7,1510,1929,98107,47.6823,1460,5000
7589200193,20141010T000000,535000,3,1,1090,3000,1.5,4,8,1090,1929,98107,47.6889,1570,5080
7955080270,20141203T000000,322500,4,2.75,2060,6659,1,3,7,1280,1981,98058,47.4276,2020,8720
9547205180,20140613T000000,696000,3,2.5,2300,3060,1.5,3,8,1510,1930,98105,47.6827,1590,3264
9435300030,20140528T000000,550000,4,1,1660,34848,1,1,5,930,1933,98052,47.6621,2160,10467
2768000400,20141230T000000,640000,4,2,2360,6000,2,4,8,2360,1904,98107,47.6702,1730,4700
7895500070,20150213T000000,240000,4,1,1220,8075,1,2,7,890,1969,98001,47.3341,1290,7800
2078500320,20140620T000000,605000,4,2.5,2620,7553,2,3,8,2620,1996,98056,47.5301,2620,10884
5547700270,20140715T000000,625000,4,2.5,2570,5520,2,3,9,2570,2000,98074,47.6145,2470,5669
7766200013,20140810T000000,775000,4,2.25,4220,24186,1,3,8,2600,1984,98166,47.445,2410,30617
7203220400,20140707T000000,861990,5,2.75,3595,5639,2,3,9,3595,2014,98053,47.6848,3625,5639
9270200160,20141028T000000,685000,3,1,1570,2280,2,3,7,1570,1922,98109,47.6413,1580,2640
1432701230,20140729T000000,309000,3,1,1280,9656,1,4,6,920,1959,98058,47.4485,1340,8808
8035350320,20140718T000000,488000,3,2.5,3160,13603,2,3,8,3160,2003,98019,47.7443,3050,9232
8945200830,20150325T000000,210490,3,1,990,8528,1,3,6,990,1966,98023,47.3066,1228,8840
4178300310,20140716T000000,785000,4,2.5,2290,13416,2,4,9,2290,1981,98007,47.6194,2680,13685
9215400105,20150428T000000,450000,3,1.75,1250,5963,1,4,7,1250,1953,98105,47.6796,970,5100
822039084,20150310T000000,1.35E+06,3,2.5,2753,65005,1,5,9,2165,1953,98070,47.4041,2680,72513
5245600105,20140916T000000,228000,3,1,1090,9199,1,3,7,1090,1955,98148,47.4258,1090,9364
7231300125,20150217T000000,345000,5,2.5,3150,9134,1,4,8,1640,1966,98056,47.4934,1990,9133
7518505990,20141231T000000,600000,3,1.75,1410,4080,1,4,7,1000,1950,98107,47.6808,1410,4080
3626039271,20150205T000000,585000,2,1.75,1980,8550,1,3,7,990,1981,98107,47.6989,1480,6738
4217401095,20150303T000000,920000,5,2.25,2730,6000,1.5,3,8,2130,1927,98105,47.6571,2730,6000
9822700295,20140512T000000,885000,4,2.5,2830,5000,2,3,9,2830,1995,98105,47.6597,1950,5000
9478500640,20140819T000000,292500,4,2.5,2250,4495,2,3,7,2250,2008,98042,47.3663,2250,4500
2799800710,20150407T000000,301000,3,2.5,2420,4750,2,3,8,2420,2003,98042,47.3663,2690,4750
7922800400,20140827T000000,951000,5,3.25,3250,14342,2,4,8,3250,1968,98008,47.588,2960,10044
8079040320,20150223T000000,430000,4,3,1850,9976,2,3,8,1850,1991,98059,47.5059,2270,8542
1516000055,20141210T000000,650000,3,2.25,2150,21235,1,4,8,1590,1959,98166,47.4336,2570,18900
9558200045,20140828T000000,289000,3,1.75,1260,8400,1,3,7,1260,1954,98148,47.4366,1290,8750
5072410070,20141021T000000,505000,3,1.75,2519,8690,2,5,8,2519,1973,98166,47.4428,2500,9500
9528102996,20141207T000000,549000,3,1.75,1540,1044,3,3,8,1540,2014,98105,47.6765,1580,3090
1089001080,20140603T000000,425000,3,2.25,1660,6000,1,3,7,1010,1979,98122,47.6103,1440,4080
3253500160,20141020T000000,317625,3,2.75,2770,3809,1.5,5,7,1770,1925,98144,47.5747,1440,4000
3394100030,20140909T000000,975000,4,2.5,2720,10049,2,3,10,2720,1989,98004,47.5815,2750,10049
3717000160,20141009T000000,287000,4,2.5,2240,4648,2,3,7,2240,2005,98001,47.3378,2221,4557
1274500060,20140825T000000,204000,3,1,1000,12070,1,4,7,1000,1968,98042,47.3621,1010,12635
1802000060,20140612T000000,1.33E+06,5,2.25,3200,20158,1,3,8,1600,1965,98004,47.6303,3390,20158
1525059190,20140912T000000,1.04E+06,5,3.25,4770,50094,1,4,10,3070,1973,98005,47.6525,3530,38917
1049000060,20150105T000000,325000,3,2,1260,5612,1,4,7,1260,1972,98034,47.7362,1640,4745
8820901275,20140610T000000,571000,4,2,2750,7807,1.5,5,7,2250,1916,98125,47.7168,1510,7807
5416510140,20140710T000000,360000,4,2.5,2380,5000,2,3,8,2380,2005,98038,47.3608,2420,5000
3444100400,20150316T000000,349000,3,1.75,1790,50529,1,5,7,1090,1965,98042,47.351,1940,50529
3276920270,20141005T000000,832500,4,4,3430,35102,2,4,10,2390,1986,98075,47.5822,3240,35020
4036801070,20141013T000000,380000,4,1.75,1760,7300,1,3,7,880,1956,98008,47.6034,1680,7500
2391600320,20150420T000000,480000,3,1,1040,5060,1,3,7,1040,1941,98106,47.5636,890,5060
6300000287,20140609T000000,410000,3,1,1410,5060,1,4,7,910,1956,98133,47.7073,1030,5693
1531000030,20150323T000000,720000,4,2.5,3450,39683,2,3,10,3450,2002,98010,47.342,3350,39750
5104520400,20141202T000000,390000,3,2.5,2350,5100,2,3,8,2350,2003,98038,47.3512,2350,5363
7437100340,20141222T000000,360000,4,2.5,1900,5889,2,3,7,1900,1992,98038,47.349,1870,6405
9418400240,20141028T000000,355000,2,1,2020,6720,1,3,7,1010,1948,98108,47.5474,1720,6720
1523059105,20150128T000000,356000,3,1.5,1680,8712,1,3,8,1680,1964,98059,47.481,1850,8797
1033000671,20140602T000000,315000,3,1,960,6634,1,3,6,960,1952,98125,47.7264,1570,7203
4232902595,20141014T000000,940000,3,1.5,2140,3600,2,3,9,1900,1925,98109,47.6337,2020,4800
2599001200,20141003T000000,305000,5,2.25,2660,8400,1.5,5,7,2660,1961,98092,47.2909,1590,8165
3342103156,20140618T000000,461000,3,3.25,2770,6278,2,3,9,1980,2006,98056,47.5228,1900,7349
1332700270,20140519T000000,215000,2,2.25,1610,2040,2,4,7,1610,1979,98056,47.518,1950,2025
3869900162,20140904T000000,335000,2,1.75,1030,1066,2,3,7,765,2006,98136,47.5394,1030,1006
2791500270,20140522T000000,243500,4,2.5,1980,7403,2,3,7,1980,1988,98023,47.2897,1980,7510
5036300431,20150310T000000,1.00E+06,5,2.75,3520,6353,2,4,10,3520,2001,98199,47.6506,2520,6250
4168000060,20150226T000000,153000,3,1,1200,10500,1,3,7,1200,1962,98023,47.322,1350,10500
6021501535,20140725T000000,430000,3,1.5,1580,5000,1,3,8,1290,1939,98107,47.687,1570,4500
6021501535,20141223T000000,700000,3,1.5,1580,5000,1,3,8,1290,1939,98107,47.687,1570,4500
1483300570,20140908T000000,905000,4,2.5,3300,10250,1,3,7,2390,1946,98040,47.5873,1950,6045
3422049190,20150330T000000,247500,3,1.75,1960,15681,1,3,7,1960,1967,98032,47.3576,1750,15616
1099610230,20140912T000000,199000,4,1.5,1060,6400,1,4,7,1060,1975,98023,47.3036,1060,6400
722079104,20140710T000000,314000,3,1.75,1810,41800,1,5,7,1210,1980,98038,47.4109,1650,135036
7338200240,20140516T000000,437500,3,2.5,2320,36847,2,3,9,2320,1992,98045,47.4838,2550,35065
1952200240,20140610T000000,850830,3,2.5,2070,13241,1.5,5,9,1270,1910,98102,47.6415,2200,4500
5200100125,20141027T000000,555000,3,2,1980,3478,1.5,4,7,1440,1929,98107,47.6775,1610,3478
7214720075,20141212T000000,699950,3,2.25,2190,107593,2,4,8,2190,1983,98077,47.7731,2570,47777
2450000295,20141007T000000,1.09E+06,3,2.5,2920,8103,2,3,8,2920,1950,98004,47.5814,2370,8103
6197800045,20140924T000000,290000,3,1,1210,33919,1,3,7,1210,1954,98058,47.4375,1640,14910
1328310370,20150402T000000,375000,3,2.5,2340,10005,1,4,8,1460,1978,98058,47.4431,2250,8162
546000875,20140523T000000,460000,3,1,1670,4005,1.5,4,7,1070,1939,98107,47.6878,1240,4005
3530510041,20140723T000000,188500,2,1.75,1240,2493,1,4,8,1240,1985,98198,47.3813,1270,4966
1853000400,20150305T000000,680000,4,2.5,3140,28037,2,4,10,3140,1991,98077,47.7304,2990,35001
3134100106,20140827T000000,470000,5,1.75,2030,12342,2,4,7,2030,1942,98052,47.6417,2500,9433
9545230140,20140725T000000,597750,4,2.5,2310,9624,2,3,8,2310,1984,98027,47.5386,1940,9636
3362400510,20150304T000000,570000,3,1.75,1260,3328,1,5,6,700,1905,98103,47.6823,1380,3536
2525310310,20140916T000000,272500,3,1.75,1540,12600,1,4,7,1060,1980,98038,47.3624,1540,10656
6126500060,20141024T000000,329950,3,1.75,2080,5969,1,3,7,1080,1971,98108,47.5474,2090,5500
8961960160,20141028T000000,480000,4,2.5,3230,16171,2,3,9,2520,2001,98001,47.3183,2640,8517
3626039325,20141021T000000,740500,3,3.5,4380,6350,2,3,8,2780,1900,98107,47.6981,1830,6350
3362400431,20140626T000000,518500,3,3.5,1590,1002,3,3,8,1590,2010,98103,47.6824,1620,3166
4060000240,20140623T000000,205425,2,1,880,6780,1,4,6,880,1945,98178,47.5009,1090,6780
3454800060,20150108T000000,171800,4,2,1570,9600,1,3,6,1570,1950,98168,47.4965,1880,9000
1695900060,20150510T000000,535000,4,1,1610,2982,1.5,4,7,1610,1925,98144,47.587,1610,4040
7278700070,20150102T000000,660000,3,2.5,2400,6474,1,3,8,1560,1964,98177,47.7728,2340,10856
6675500070,20141019T000000,391500,3,2,1450,9132,1,3,7,1450,1987,98034,47.7288,1580,9104
3626039187,20150406T000000,395000,2,1,770,6000,1,3,6,770,1953,98107,47.6999,1710,6000
3524049083,20141004T000000,445000,4,1.75,2100,4400,1.5,5,7,1720,1924,98108,47.5299,1850,4400
3275860240,20140618T000000,770000,3,2.25,2910,10204,2,3,9,2910,1990,98052,47.6897,2700,13992
4389200955,20150302T000000,1.45E+06,4,2.75,2750,17789,1.5,3,8,1980,1914,98004,47.6141,3060,10275
4058801670,20140717T000000,445000,3,2.25,2100,8201,1,3,8,1620,1967,98178,47.5091,2660,8712
8732020310,20140717T000000,260000,4,2.25,2160,8810,1,3,8,1360,1978,98023,47.3129,2090,8400
2331300505,20140613T000000,822500,5,3.5,2320,4960,2,5,7,1720,1926,98103,47.6763,1700,4960
7853210060,20150406T000000,430000,4,2.5,2070,4310,2,3,7,2070,2004,98065,47.5319,1970,3748
3668000070,20150105T000000,212000,3,1.75,1060,7875,1,4,7,1060,1986,98092,47.2761,1420,7680
9545240070,20150428T000000,660500,4,2.25,2010,9603,1,3,8,1440,1986,98027,47.5343,2060,9793
1243100136,20140612T000000,784000,3,3.5,3950,101078,1.5,3,9,2460,1989,98052,47.697,2480,88500
8929000270,20140512T000000,453246,3,2.5,2010,2287,2,3,8,1390,2014,98029,47.5517,1690,1662
2767602356,20150126T000000,675000,4,3.5,2140,2278,3,3,9,2140,2005,98107,47.6734,1540,2285
921049315,20140813T000000,199000,3,1.75,1320,17390,1,4,7,1320,1956,98003,47.3257,1550,19265
3655000070,20140805T000000,220000,4,1.75,2020,7840,1,3,7,1010,1968,98003,47.3309,1750,8140
4027700812,20140529T000000,452000,4,2.25,2590,10002,1,4,8,1340,1968,98028,47.7689,1550,10436
3992700335,20140707T000000,382500,2,1,1090,4440,1,3,6,1090,1981,98125,47.7135,1060,5715
2767603505,20140507T000000,519950,3,2.25,1070,1249,3,3,8,1070,2014,98107,47.6722,1350,1310
4232901525,20140627T000000,665000,2,1,1010,3200,1,3,7,1010,1925,98109,47.6338,1070,3600
1777500060,20140708T000000,527700,5,2.5,2820,9375,1,4,8,1550,1968,98006,47.5707,2820,9375
1432900240,20150508T000000,205000,3,1,1610,8579,1,4,7,1010,1962,98058,47.4563,1610,8579
6140100875,20150415T000000,420000,3,1,1060,8097,1,4,7,940,1923,98133,47.7144,1560,7940
6071600370,20150227T000000,500000,4,2.25,2030,8517,1,4,8,1380,1961,98006,47.5495,2230,8824
1526069017,20141203T000000,921500,4,2.5,3670,315374,2,4,9,3670,1994,98077,47.7421,2840,87991
809001525,20140625T000000,890000,4,1,2550,4000,2,3,8,2370,1905,98109,47.6354,2200,4000
3224079105,20140806T000000,430000,2,2.5,2420,60984,2,3,7,2420,2007,98027,47.5262,1940,193842
8075400570,20141030T000000,258000,5,2,2260,12500,1,4,8,1030,1960,98032,47.3887,1360,18000
1994200024,20141004T000000,510000,3,1,1430,3455,1,3,7,980,1947,98103,47.6873,1450,4599
3362900810,20140820T000000,532170,3,2,1360,3090,2,3,8,1360,1990,98103,47.6838,1500,3090
1324300398,20150409T000000,560000,3,1,1010,5000,1.5,3,7,1010,1947,98107,47.655,1420,5000
537000445,20150331T000000,282950,3,1,1250,8200,1,4,7,1250,1954,98003,47.3255,1680,8633
7855801670,20150401T000000,2.25E+06,4,3.25,5180,19850,2,3,10,3540,2006,98006,47.562,3160,9750
7920100045,20140516T000000,350000,1,1,700,5100,1,3,7,700,1942,98105,47.679,1010,5100
8960000030,20140728T000000,215000,3,1,1080,7669,1,4,7,1080,1967,98058,47.4479,1090,7669
6388930390,20141020T000000,650000,5,3.5,3960,25245,2,3,9,2500,1996,98056,47.525,2640,13675
8731900200,20140807T000000,320000,4,2.75,2640,7500,1,3,8,1620,1967,98023,47.3135,1980,7875
8029200135,20141013T000000,247000,3,2,1270,7198,1.5,3,7,1270,1916,98022,47.2086,1060,7198
1081200350,20141003T000000,320000,4,1.75,1760,10180,1,4,8,1760,1968,98059,47.4715,1730,10180
84000105,20140507T000000,255000,5,2.25,2060,8632,1,3,7,1030,1962,98146,47.4877,1010,10680
3756500060,20150309T000000,438000,3,1.75,1780,9660,1,3,7,1780,1962,98034,47.7171,1200,9660
7215720160,20150304T000000,900000,3,2.5,3400,16603,2,3,10,3400,2000,98075,47.6012,3400,12601
3574800520,20140620T000000,441000,3,2.75,1910,7280,1,3,7,1060,1979,98034,47.7319,1710,8152
2617300160,20140812T000000,420000,3,2,2020,38332,1,4,7,1010,1975,98027,47.4582,2100,36590
2558660270,20141208T000000,370000,3,1.75,1580,7000,1,3,7,1080,1976,98034,47.7209,1640,7500
2009000370,20150219T000000,269950,2,1.75,1340,7250,1,5,5,700,1949,98198,47.408,1830,9750
1836980160,20150324T000000,807100,4,2.5,2680,4499,2,3,9,2680,1999,98006,47.565,2920,4500
3261020370,20140605T000000,653000,3,2.5,2680,9750,1,4,8,1610,1979,98034,47.7028,2480,8750
1755700060,20140610T000000,371500,3,2,1370,8336,1,5,7,1370,1964,98133,47.7458,1770,7288
4330600435,20150316T000000,284000,3,1.75,1560,21000,1,3,7,1560,1954,98166,47.4776,1070,7920
9542800700,20150102T000000,272000,3,1.75,2160,7140,1,4,7,1670,1978,98023,47.3026,1930,7350
1999700045,20140502T000000,313000,3,1.5,1340,7912,1.5,3,7,1340,1955,98133,47.7658,1480,7940
1762600070,20150106T000000,917500,4,2.5,3880,35003,2,3,10,2570,1984,98033,47.6477,3740,35230
1687900520,20140929T000000,673000,4,2.25,2590,8190,2,4,8,2590,1980,98006,47.5619,2260,8335
7234600798,20150210T000000,425000,3,2.5,1020,1000,2,3,8,820,2008,98122,47.6106,1590,1795
3881900445,20140709T000000,399950,5,2.75,1970,5400,1,3,7,1320,1986,98144,47.5868,1280,2150
2254502445,20140530T000000,385000,3,1,1220,4800,1,3,6,1220,1901,98122,47.6101,1200,4800
5437810320,20141017T000000,269950,3,1.5,1950,7560,1,4,7,1320,1975,98022,47.1976,1950,8941
9158100075,20150107T000000,330000,2,1,1350,8220,1,3,7,1060,1949,98177,47.7224,1540,8280
3830630310,20140725T000000,260000,3,2.5,1670,5797,2,3,7,1670,1988,98030,47.3505,1670,6183
8123100045,20150414T000000,470000,4,3,2380,5125,1.5,4,7,1680,1925,98126,47.5384,1410,5375
3127200041,20140613T000000,589000,4,3,2440,9600,2,5,7,2440,1961,98034,47.7044,2290,9600
6661200320,20140723T000000,163500,2,1.5,1050,3419,2,3,7,1050,1996,98038,47.3848,1050,3417
10510310,20140905T000000,835000,4,2.75,3130,13412,2,3,9,2140,1993,98052,47.6993,2260,9984
825059270,20141021T000000,1.00E+06,5,3,4090,12850,1,4,10,2090,1986,98033,47.6627,2540,10270
8731951370,20150415T000000,269000,4,1.75,1490,10000,1,4,8,1000,1969,98023,47.3099,2190,8910
1954440060,20140505T000000,560000,3,2.5,1900,8744,2,3,8,1900,1987,98074,47.62,2030,8744
2264500350,20150418T000000,615000,4,1,1330,2400,1.5,4,6,1330,1901,98103,47.65,1330,4400
1015810060,20141205T000000,585188,3,2.25,2230,10026,1,3,8,1430,1975,98052,47.6647,2230,9340
9477200200,20140818T000000,305000,3,1.75,1650,9480,1,3,7,1220,1977,98034,47.726,1540,8400
1432600560,20141005T000000,166950,3,1,1090,8820,1,3,6,1090,1959,98058,47.4616,1230,7980
2287000060,20140912T000000,799000,3,2.5,2140,9897,1,4,8,2140,1959,98040,47.5505,2680,10083
3663500060,20140625T000000,400000,3,2.5,2180,7508,1,4,7,1420,1962,98133,47.7606,1900,7818
3996900125,20141201T000000,230000,3,1,1060,10228,1,3,7,1060,1948,98155,47.7481,1570,10228
7796450200,20140515T000000,256883,3,2.5,1690,5025,2,3,8,1690,2003,98023,47.2779,2550,5001
7549802535,20141010T000000,423000,4,2,1970,6480,1.5,5,7,1030,1920,98108,47.551,1500,6480
3278600320,20140723T000000,465000,3,2.5,2150,4084,2,3,8,2150,2007,98126,47.5488,1750,2385
2824079053,20150103T000000,440000,3,2.5,1910,66210,2,3,7,1910,1997,98024,47.5385,2330,67268
1222069094,20141014T000000,385000,3,1.75,1350,155073,1,4,7,1350,1969,98038,47.4058,1560,50965
3542300060,20150310T000000,210000,3,1,860,10725,1,4,6,860,1943,98056,47.5093,1300,9514
2222059065,20141012T000000,297000,3,2.5,1940,14952,2,3,8,1940,1994,98042,47.3777,2030,10450
7551300060,20140716T000000,470000,3,1,1010,5000,1,3,7,1010,1952,98107,47.675,1680,5000
100600550,20140804T000000,226500,3,1.5,1300,7370,1,4,7,900,1976,98023,47.3025,1430,7500
3210100860,20150303T000000,274250,3,1,910,8450,1,4,6,910,1962,98059,47.4787,1400,8040
3456000310,20140804T000000,840000,4,1.75,2480,10010,1,4,9,1630,1966,98040,47.5378,2770,10744
9526600140,20140919T000000,677900,3,2.5,2440,4587,2,3,8,2440,2010,98052,47.7073,2750,4587
7465900060,20150205T000000,425000,3,1,1010,5864,1,3,7,1010,1915,98106,47.5733,1290,5000
1222000055,20141023T000000,180250,2,0.75,900,9600,1,3,6,900,1941,98166,47.4604,1250,14280
6300000550,20140717T000000,464000,6,3,2300,3404,2,3,7,1600,1920,98133,47.7067,1560,1312
2310030510,20150422T000000,320000,4,2.25,1550,7579,2,3,8,1550,1993,98038,47.354,1630,6397
1025049104,20140717T000000,625504,3,2.25,1270,1566,2,3,8,1060,2014,98105,47.6647,1060,1327
8677300550,20140515T000000,592500,4,2.5,2240,12032,1,3,9,2240,1983,98074,47.6143,2520,12368
4014400292,20150104T000000,465000,3,2.5,2714,17936,2,3,9,2714,2005,98001,47.3185,2590,18386
1002000196,20140527T000000,477000,4,2.75,1720,6270,2,3,8,1720,1978,98108,47.5458,2130,8700
257000138,20150105T000000,280000,2,1,850,16400,1,3,6,850,1923,98168,47.4889,1000,14459
46100204,20150221T000000,1.51E+06,5,3,3300,33474,1,3,9,1870,1957,98040,47.5673,3836,20953
1909600046,20140703T000000,445838,3,2.5,2250,5692,2,3,8,2250,2000,98146,47.5133,1320,5390
1250202145,20140828T000000,1.07E+06,2,2.25,3900,14864,1,3,8,1950,1947,98144,47.5884,2580,5184
7610200125,20141023T000000,467000,2,1.5,1320,10800,1,4,8,1320,1947,98177,47.7145,2120,12040
5610500140,20140822T000000,686000,4,2.5,2760,6440,2,3,10,2760,1999,98075,47.5836,3070,8127
7138000260,20140605T000000,279950,3,2,1750,9750,1,3,7,1350,1961,98198,47.398,1900,10125
626059335,20140904T000000,527000,4,2.25,2330,19436,2,3,8,2330,1987,98010,47.7663,1910,10055
1922059282,20140918T000000,325000,3,2.25,2220,16020,1,4,8,1780,1966,98030,47.3758,2080,9583
705700390,20140903T000000,328000,3,2.25,2020,8379,2,3,7,2020,1994,98038,47.3828,2020,8031
7454001200,20140604T000000,390000,3,2.25,1250,7500,1,5,7,1250,1942,98146,47.5123,1280,7392
8682281200,20150309T000000,479950,2,2,1510,6516,1,3,8,1510,2005,98053,47.7076,1640,6009
7972000200,20140529T000000,264950,4,2.25,1720,9753,1,4,7,1020,1978,98023,47.2922,1510,9753
722059070,20150105T000000,235000,3,1,1430,15246,1,4,7,980,1961,98031,47.4075,1960,13068
7202340400,20150303T000000,516500,3,2.5,1480,4729,2,3,7,1480,2004,98053,47.6794,2250,4729
8096000060,20150413T000000,655000,2,1.75,1450,15798,2,3,7,1230,1915,98166,47.4497,2030,13193
2424000060,20140616T000000,500000,4,2.75,2280,15347,1,5,7,2280,1960,98059,47.5218,2280,15347
9264902050,20141021T000000,315000,6,2.75,2940,7350,1,3,8,1780,1978,98023,47.3103,2120,8236
943100260,20141020T000000,213000,2,1,1000,10200,1,3,6,1000,1961,98024,47.5687,1050,13702
3677400445,20140902T000000,475000,3,1.5,2480,5280,1.5,5,7,1620,1947,98108,47.5575,2090,4800
1762600320,20140610T000000,1.03E+06,5,4,3760,28040,2,3,10,3760,1983,98033,47.6489,3430,35096
4058000060,20150409T000000,416000,3,2,2220,94300,1,5,7,1640,1976,98010,47.3459,2070,80100
7228500560,20150320T000000,410000,4,1,1970,4740,1.5,3,7,1670,1904,98122,47.6136,1510,4740
326069104,20140701T000000,800000,3,3.5,3830,221284,2,3,10,3530,1993,98077,47.7641,2920,148539
5152100060,20140529T000000,472000,6,2.5,4410,14034,1,4,9,2350,1965,98003,47.3376,2600,13988
3584000310,20141208T000000,225000,3,1.75,1430,8505,1,4,7,1430,1968,98003,47.3173,1090,8640
8150100045,20141001T000000,210000,2,1,830,6000,1,3,6,830,1940,98126,47.5308,830,4960
1868901275,20150127T000000,455000,2,1,1430,5000,1.5,2,7,1430,1925,98105,47.6727,1450,3750
6131600075,20150427T000000,225000,3,1,1300,8316,1,4,6,1300,1954,98002,47.3221,1260,8316
9468200125,20140826T000000,480000,2,1,1030,3060,1,4,7,790,1918,98103,47.6779,1390,3060
8029510030,20150212T000000,363000,3,2.5,2740,10872,2,3,9,2740,1990,98023,47.3076,2570,10377
2025069065,20140929T000000,2.40E+06,4,2.5,3650,8354,1,3,9,1830,2000,98074,47.6338,3120,18841
7899800890,20150226T000000,181000,2,1.5,720,5120,1,3,6,720,1954,98106,47.5218,1050,2566
3021059276,20150314T000000,250000,4,2,2010,7312,1,4,7,2010,1976,98002,47.2785,2010,7650
3797001895,20150422T000000,481000,3,1.75,1560,3000,1,4,6,770,1918,98103,47.6846,1390,3000
3832710960,20140923T000000,260000,3,2,1810,7209,1,4,7,1240,1978,98032,47.3656,1750,7209
1310430400,20140513T000000,455000,4,2.5,3360,7685,2,3,9,3360,2001,98058,47.4369,3060,6567
1422300030,20150401T000000,415000,3,2.25,1510,36224,2,3,8,1510,1991,98045,47.4616,1730,36224
1005000588,20150421T000000,349500,3,1,1400,3538,1,3,7,800,1953,98108,47.5405,1620,6331
3830630060,20140929T000000,245000,3,2.5,1730,7442,2,3,7,1730,1987,98030,47.3507,1630,6458
5101404898,20140519T000000,592500,2,2,1420,9191,1.5,5,7,1420,1928,98105,47.6979,1420,6816
7972601890,20141020T000000,385000,4,1.75,2360,7620,1,4,7,1080,1955,98106,47.5278,1910,7620
5127001620,20150210T000000,315000,3,1.75,1580,10455,1,4,7,1200,1974,98059,47.4756,1550,10650
9407100800,20141024T000000,255000,3,1,1230,10170,1,3,7,1230,1979,98045,47.4437,1380,10098
1873100060,20140829T000000,693000,4,2.5,2460,4425,2,3,8,2460,2006,98052,47.7048,2990,5659
8722101360,20141202T000000,780000,3,1,1660,4400,1.5,3,8,1460,1910,98102,47.6362,1660,4400
8644000060,20141024T000000,237000,3,1.75,1270,8470,1,4,7,1270,1960,98198,47.4207,1600,8470
3325069129,20141216T000000,525000,3,2.25,2100,40510,2,3,10,1320,1979,98074,47.6154,2380,33450
1400300055,20150428T000000,425000,2,1,770,5040,1,3,5,770,1930,98144,47.5964,1330,2580
2123039032,20141027T000000,369900,1,0.75,760,10079,1,5,5,760,1936,98070,47.4683,1230,14267
8078560140,20140519T000000,290000,4,2.5,1700,7280,2,4,7,1700,1988,98031,47.4045,1950,7475
3438500192,20140929T000000,285000,3,1,1020,10701,1,3,7,1020,1954,98106,47.5544,1030,6350
7974200510,20140814T000000,415000,2,1,1070,4500,1,3,7,1070,1937,98105,47.6802,1320,4465
2557000400,20150409T000000,272500,3,2.5,2070,9900,1,3,8,1420,1979,98023,47.2988,2070,8250
7960900060,20150504T000000,2.90E+06,4,3.25,5050,20100,1.5,3,10,4750,1982,98004,47.6312,3890,20060
4054500390,20141007T000000,1.37E+06,4,4.75,5310,57346,2,4,10,5310,1989,98077,47.7285,4180,47443
6378500125,20150501T000000,436000,2,1,1040,7538,1,4,7,1040,1939,98133,47.7107,1440,7530
1745100140,20141017T000000,210000,3,1,1700,10390,1,4,7,1700,1967,98003,47.3271,1350,8164
2976800796,20140925T000000,236000,3,1,1300,5898,1,3,7,1300,1961,98178,47.5053,1320,7619
4235400186,20141024T000000,331000,3,1.75,1080,1306,1,3,7,580,1954,98199,47.6601,1440,2225
4215100060,20150320T000000,365000,3,2.5,2653,4510,2,3,8,2653,2006,98031,47.4145,2653,4927
9189700045,20150127T000000,450000,3,2,2290,16258,1,5,8,2290,1960,98058,47.4672,1660,10530
1026049053,20141013T000000,770000,4,2.75,3820,26300,2,3,9,2850,2014,98028,47.7618,1860,12136
2022069200,20150505T000000,455000,4,2.5,2210,49375,1,3,8,2210,1997,98038,47.3828,2670,49385
9412900055,20150505T000000,405000,3,1.75,2390,6000,1,3,6,1240,1908,98108,47.5362,2020,6000
1722059235,20140703T000000,304900,4,1.75,2600,10325,1,4,7,1610,1969,98031,47.3954,1720,10088
6874200960,20150227T000000,170000,2,1,860,5265,1,3,6,860,1931,98178,47.5048,1650,8775
7424700045,20150513T000000,2.05E+06,5,3,3830,8480,2,5,9,2630,1905,98122,47.6166,3050,7556
7202360350,20140630T000000,780000,4,2.5,3500,7048,2,3,9,3500,2005,98053,47.681,3920,7864
5634500392,20150410T000000,330000,3,3,2420,13959,1,4,8,1740,1988,98028,47.7486,2570,13300
1509500060,20140905T000000,370000,4,2.5,2720,8666,2,3,9,2720,1992,98030,47.3846,2410,8100
7214810350,20141017T000000,467000,5,2.25,2500,13500,1,3,7,1850,1979,98072,47.7564,2300,9750
6647200060,20150209T000000,405000,3,1.75,1670,6720,1,3,7,1040,1980,98034,47.7198,1670,7320
9552700140,20140702T000000,675000,5,2.25,2900,10300,1,3,8,1450,1985,98006,47.5461,2310,10300
2200500350,20140812T000000,500000,2,1,1640,14100,1,4,7,1040,1954,98006,47.5712,1520,13527
6103400046,20140723T000000,389999,4,2.5,1890,15770,2,4,7,1890,1968,98166,47.4281,2410,15256
6619910140,20150224T000000,630000,4,1.75,2950,9025,1,4,8,1780,1975,98034,47.7128,2120,9600
1015450240,20141022T000000,360000,4,2.5,2160,9528,2,3,9,2160,1992,98001,47.3341,2280,9937
6073240060,20141002T000000,580000,4,3,3280,10060,2,3,8,2270,1986,98056,47.5399,2320,10004
9297300045,20140709T000000,550000,3,2,1970,4166,2,5,8,1270,1929,98126,47.5717,2390,4166
9510920070,20140710T000000,879000,4,2.5,3360,22101,2,3,10,3360,1994,98075,47.5951,3150,10374
5468730030,20140822T000000,265000,3,2,1320,8959,1,3,7,1320,1993,98042,47.3536,1740,7316
8079030390,20150304T000000,446500,3,2.5,2650,7286,2,3,8,2650,1990,98059,47.5084,2400,7220
600000152,20140602T000000,404000,3,1.5,2030,8880,1,3,7,1330,1963,98108,47.5586,2140,5592
1840000030,20140529T000000,267500,3,1.75,1590,10914,1,3,7,1090,1957,98188,47.4427,1630,9052
3225069065,20140624T000000,3.08E+06,4,5,4550,18641,1,3,10,2600,2002,98074,47.6053,4550,19508
3260800030,20140810T000000,335000,3,2.5,2440,7632,2,3,8,2440,1998,98003,47.3494,2510,7903
2747100024,20140619T000000,576000,3,2.5,1940,9000,1,4,7,970,1948,98107,47.6933,2190,7310
5104530560,20150401T000000,208633,3,2.5,2040,3810,2,3,8,2040,2006,98038,47.3537,2370,4590
4330600350,20150105T000000,315000,3,2.25,2200,8750,1,4,7,1020,1964,98166,47.476,1460,10139
5016001535,20150217T000000,725000,3,1.75,1920,3300,1,4,8,960,1913,98102,47.6239,1740,4000
7280300196,20150403T000000,550000,4,2.75,1800,7750,1,4,8,1400,1965,98177,47.7776,1800,8275
8651520400,20140612T000000,610750,4,2.25,2180,7297,2,3,8,2180,1984,98074,47.6459,2250,9781
7171200445,20150228T000000,550700,2,1,1010,5000,1.5,4,6,1010,1908,98105,47.6692,1460,5000
3204800200,20150108T000000,665000,4,2.75,3320,10574,2,5,8,2220,1960,98056,47.5376,2720,8330
3416600800,20150209T000000,834000,4,2.5,2370,4000,1.5,5,8,1980,1928,98144,47.601,2440,5750
7994700030,20141023T000000,201000,5,1.75,1660,78408,1.5,3,6,1660,1915,98065,47.529,1660,78408
1860600135,20140502T000000,2.38E+06,5,2.5,3650,9050,2,5,10,3370,1921,98109,47.6345,2880,5400
4139480200,20140618T000000,1.38E+06,4,3.25,4290,12103,1,3,10,2690,1997,98006,47.5503,3860,10244
4139480200,20141209T000000,1.40E+06,4,3.25,4290,12103,1,3,10,2690,1997,98006,47.5503,3860,10244
1328320800,20141005T000000,305000,4,2.25,1950,7700,1,3,8,1350,1979,98058,47.4441,2150,7350
7771300125,20150408T000000,487000,3,2,2590,14052,1,5,8,1720,1948,98133,47.7357,1570,8162
3422059208,20150510T000000,390000,3,2.5,1930,64904,1,4,8,1930,1988,98042,47.346,2350,57500
9521001455,20140723T000000,548000,2,1,1470,3864,1,4,7,1070,1916,98103,47.6638,1570,3864
4337000335,20141022T000000,268750,4,1,800,8775,1,3,6,800,1943,98166,47.48,1310,8775
325059286,20140513T000000,819900,5,2.75,3150,7109,2,3,9,3150,2013,98052,47.6759,1560,8384
2597650240,20141023T000000,520000,3,2.25,2030,16200,2,3,8,2030,1984,98027,47.5162,2660,17958
3353400435,20140721T000000,230000,3,2,1450,10204,1,3,7,1450,2003,98001,47.2639,1520,9518
7972000240,20150202T000000,240000,3,1.75,1510,10248,1,3,7,1510,1969,98023,47.2929,1510,9753
7520000520,20140905T000000,232000,2,1,1240,12092,1,3,6,960,1922,98146,47.4957,1820,7460
7520000520,20150310T000000,240500,2,1,1240,12092,1,3,6,960,1922,98146,47.4957,1820,7460
3530210260,20141027T000000,274975,3,2.5,3030,45004,2,3,9,3030,1987,98077,47.7721,3080,35781
1959700550,20140905T000000,740000,4,2,2050,4400,1.5,4,9,2050,1922,98102,47.644,2320,5500
1665400045,20150428T000000,186375,3,1,1000,7636,1,2,7,1000,1952,98166,47.472,1050,7600
9542850320,20140725T000000,790000,3,2.25,2370,10289,1,4,9,1590,1977,98005,47.592,2500,10004
3179100060,20140916T000000,880000,4,3.5,2800,6750,2,3,9,1890,1951,98105,47.669,2370,6120
2946001550,20150416T000000,279000,6,1.75,2240,10180,2,4,7,2240,1955,98198,47.42,1590,7955
8078490390,20140729T000000,295000,3,2,1810,10530,1,3,8,1810,1991,98022,47.1913,1910,10450
9550201550,20150408T000000,640000,2,1,1070,5000,1,3,7,1070,1924,98103,47.6666,1710,5000
191000045,20140703T000000,940000,4,2,2490,9525,2,5,9,2490,1968,98040,47.5639,2770,9525
5009600070,20141007T000000,260000,4,2.5,1960,5238,2,3,7,1960,2003,98038,47.3483,1800,5894
200350070,20140602T000000,559900,3,2.75,2930,5569,1,3,9,1860,2004,98072,47.7648,2580,10045
2877103726,20140722T000000,791500,4,2,1510,3500,1.5,5,7,1510,1910,98103,47.6794,1820,3750
405100295,20140826T000000,265000,3,1.75,1420,8250,1,3,7,1420,1954,98133,47.7535,1740,8000
4268200055,20150501T000000,245000,3,1.75,1740,10547,1,3,7,1740,1954,98178,47.4945,880,78408
3126069068,20150424T000000,485000,4,1.75,2560,43995,2,4,7,2560,1962,98052,47.6945,2560,14764
1015300070,20141006T000000,684000,4,3.5,3040,8414,2,3,9,2420,2010,98059,47.5222,3470,8066
6414100671,20140909T000000,425000,3,1.75,2500,6840,1,3,8,1300,1957,98125,47.7222,1580,8691
7004200060,20141017T000000,309600,4,1.75,1275,20000,1,4,6,1275,1991,98070,47.3796,1660,20000
7852100140,20140718T000000,552250,4,2.5,2580,5823,2,3,8,2580,2002,98065,47.5374,2380,5823
3969300030,20140723T000000,165000,4,1,1000,7134,1,3,6,1000,1943,98178,47.4897,1020,7138
3969300030,20141229T000000,239900,4,1,1000,7134,1,3,6,1000,1943,98178,47.4897,1020,7138
4048400070,20141205T000000,320000,2,1,1070,32633,1,4,6,1070,1930,98059,47.4716,1360,32156
808000070,20141021T000000,206600,3,2,1390,13464,1,4,7,1390,1987,98030,47.3581,1720,12080
7374200030,20150416T000000,387000,4,1.75,2500,7690,1,3,7,1250,1973,98155,47.7713,2040,8646
7325600160,20140604T000000,299000,1,0.75,560,12120,1,3,4,560,1967,98014,47.675,1300,19207
2757000030,20140922T000000,855000,4,2.75,2270,10460,2,3,9,2270,1965,98040,47.5603,2610,10180
616000140,20150126T000000,315000,3,1,1900,14400,1,4,7,1300,1954,98166,47.4147,1940,14400
3363900101,20141203T000000,437500,2,1,990,3120,1,5,7,790,1907,98103,47.68,1930,3120
9262800171,20150324T000000,252000,4,1.5,1550,19800,1,4,7,1050,1969,98001,47.3107,1640,22654
6607000126,20140604T000000,375000,4,1.75,2200,7475,1,5,7,1000,1955,98108,47.543,1600,5766
5416510830,20140806T000000,300000,4,2.5,1910,4862,2,3,7,1910,2005,98038,47.3607,2010,5091
2201500030,20141006T000000,420000,4,1,1750,9600,1.5,4,7,1750,1954,98006,47.5759,1750,10530
325059171,20140505T000000,900000,3,1,1330,77972,1,3,7,1330,1928,98033,47.6891,1340,17689
952003285,20140805T000000,679900,3,2.5,2440,5750,2,3,9,1980,2000,98106,47.565,1520,5750
3210290370,20140605T000000,463000,3,2.5,1640,29970,2,3,7,1640,1992,98053,47.6359,1580,28399
1072010350,20140828T000000,380000,5,2.5,2760,10340,2,4,9,2760,1978,98059,47.4769,2470,10340
8856950070,20141210T000000,329500,4,2.5,1820,7912,2,3,7,1820,1994,98038,47.3845,1820,8168
925059078,20140819T000000,604950,3,2.5,2100,5608,1,3,8,1340,2013,98033,47.6743,2040,9363
7855801090,20140917T000000,795000,5,2.5,3040,9570,1,4,8,1640,1966,98006,47.5651,2920,8800
723099065,20150130T000000,465000,3,2,1840,40438,2,3,7,1840,1994,98045,47.4853,1380,44049
6106500075,20150326T000000,673000,4,2.5,2990,10400,2,3,9,2990,2002,98166,47.4508,2140,17449
1018500030,20141001T000000,810000,4,2.5,3520,15420,2,3,10,3520,1991,98074,47.6375,3400,21455
424069250,20150423T000000,785000,4,2.75,2440,69415,1,4,8,1910,1989,98075,47.5944,2770,24361
3291800710,20141020T000000,338000,4,3,2090,7500,1,3,7,1370,1986,98056,47.4888,1810,7650
6838700060,20141204T000000,280000,3,2.25,1430,7222,2,3,7,1430,1993,98056,47.5102,1430,7220
2231500030,20141001T000000,315000,4,2.25,2180,10754,1,5,7,1000,1954,98133,47.771,1810,6929
2231500030,20150324T000000,530000,4,2.25,2180,10754,1,5,7,1000,1954,98133,47.771,1810,6929
7683900200,20141223T000000,380000,5,3,3450,9914,2,3,9,3450,2004,98023,47.2813,2860,9721
8155830060,20140810T000000,297000,3,2.25,1450,7562,2,3,7,1450,1994,98056,47.5038,1650,7625
98020310,20140520T000000,730000,4,2.5,3230,7331,2,3,10,3230,2004,98075,47.5823,3480,7447
9423400140,20140609T000000,450000,3,1.75,1640,13500,1,3,7,1010,1940,98125,47.7164,1770,12600
1545804860,20141027T000000,275000,3,3,1590,7750,1,3,7,1060,1997,98038,47.3624,1680,7500
2883200160,20150429T000000,595000,4,2,2020,2849,2,3,7,2020,1960,98105,47.6831,1910,3120
7132300695,20150421T000000,435000,3,1.5,1300,3348,1.5,3,7,1300,1904,98144,47.592,1590,2577
1726059053,20140916T000000,270000,2,1.5,1380,209959,1,1,6,1380,1954,98010,47.7461,3130,19868
624101000,20140805T000000,950000,3,3,4040,14338,2,3,10,3030,1986,98077,47.7268,3360,14142
808300310,20150313T000000,389000,4,2.25,2130,5337,2,3,7,2130,2001,98019,47.7237,2300,6930
8563040160,20150121T000000,560000,4,2.25,2550,7800,1,3,8,1580,1968,98052,47.6283,2420,8050
713500030,20140728T000000,1.35E+06,5,3.5,4800,14984,2,3,10,3480,1998,98006,47.5543,4050,19009
8651600160,20141010T000000,799000,4,2.25,2510,10585,2,4,8,2510,1969,98040,47.5483,2450,9691
9517200030,20140625T000000,365500,3,2,1410,9600,1,4,7,1410,1983,98072,47.7591,1410,9600
2460700700,20140515T000000,252350,3,2,1650,7352,1,3,7,1060,1979,98058,47.4612,1710,7350
1223039290,20140905T000000,403950,4,2.5,2120,13780,2,3,8,2120,1993,98146,47.4987,1880,12000
2890100060,20140801T000000,385000,4,1.5,2040,10726,1,3,7,1380,1954,98177,47.772,1610,10020
7972600860,20141210T000000,345000,4,1,1550,7620,1.5,3,7,1550,1957,98106,47.5287,1450,7620
8857320070,20140917T000000,490000,3,2.75,1980,3128,2,4,9,1980,1979,98008,47.6109,1950,2856
4047200695,20140618T000000,330000,3,2.5,1600,26977,2,3,8,1600,2005,98019,47.7736,1790,27743
1653500070,20140512T000000,927000,4,2.75,3300,12090,2,3,8,3300,1953,98004,47.6294,3180,12239
1923000030,20140728T000000,1.02E+06,4,2.5,3840,16619,2,4,10,3840,1983,98040,47.5634,3600,16553
3649100320,20150430T000000,330000,2,1,1220,10000,1,5,7,1220,1950,98028,47.7405,2000,9600
7375300160,20150309T000000,530000,5,2.25,2720,8800,1,4,7,1500,1958,98008,47.5976,2100,8800
5175800060,20140623T000000,365000,4,2,1940,25600,1,1,8,1940,1962,98006,47.5722,2000,10071
1604601375,20140619T000000,378750,3,2.5,2160,3000,1.5,3,7,1260,1909,98108,47.5644,1060,3500
2473251090,20140619T000000,269900,4,1.75,1530,8750,1.5,4,7,1530,1968,98058,47.4556,1390,8750
9126100861,20150306T000000,557000,3,3.5,1710,2096,2,3,8,1290,2008,98122,47.6055,1630,1543
3420069065,20140825T000000,360000,4,1.75,3730,16980,1,4,7,2150,1974,98022,47.1775,1880,16963
6021501685,20150422T000000,352000,2,1,940,5000,1,4,7,940,1937,98107,47.6879,1560,4500
1051000070,20150224T000000,437000,3,2.5,1750,22357,2,3,8,1750,1994,98045,47.4807,2430,22357
8856950240,20140618T000000,322500,4,2.5,1820,6753,2,3,7,1820,1994,98038,47.3845,1820,7107
9385200055,20140912T000000,650000,3,3.25,1510,2000,2,3,9,1330,2001,98106,47.5815,1510,1352
7821200390,20140806T000000,450000,3,2,1290,1213,3,3,8,1290,2001,98103,47.6609,1290,3235
8078520310,20150417T000000,278500,3,2,1570,5250,1,3,7,1570,1998,98092,47.3163,1570,5250
1565950030,20150427T000000,364950,4,2.5,1930,6957,2,3,8,1930,1995,98055,47.4309,2090,6996
1560930070,20140910T000000,840000,4,3.5,2840,40139,1,4,10,2840,1986,98038,47.401,3180,36852
6700400140,20150318T000000,268000,3,2.5,1550,8134,2,3,7,1550,1991,98031,47.404,1550,8134
2422029094,20140716T000000,517534,2,1,833,143947,1,3,5,833,2006,98070,47.3889,1380,143947
1774220160,20141004T000000,632925,3,2.5,2990,32239,2,4,8,2990,1978,98077,47.7718,2990,36497
1525200060,20140723T000000,577500,3,2.5,2000,7251,2,3,9,2000,1995,98034,47.7067,2450,8108
1678400105,20150212T000000,339000,4,1.5,2390,7480,1.5,3,7,2390,1920,98178,47.504,2850,6867
3426059070,20140909T000000,570000,3,1.75,2910,37461,1,4,7,1530,1967,98052,47.7015,2520,18295
824079032,20140626T000000,563500,4,1.75,2085,174240,1,3,7,1610,1964,98024,47.5753,2690,174240
2697100140,20150105T000000,423000,4,2.25,2200,9351,1,5,7,1290,1962,98133,47.7448,1910,8660
8724300030,20141223T000000,355000,3,2.25,1860,5028,2,3,8,1860,2012,98019,47.7318,2320,5465
8678500060,20140710T000000,1.55E+06,5,4.25,6070,171626,2,3,10,6070,1999,98024,47.5954,4680,210267
625049299,20141203T000000,482000,2,1,950,3960,1,3,7,950,1941,98103,47.6885,1320,4050
6073200075,20140730T000000,625000,3,1.75,1600,9135,1,5,7,1600,1955,98006,47.5724,1580,9800
6388900710,20141219T000000,538000,3,2.5,2250,10632,2,3,8,2250,1988,98056,47.5272,2360,10632
1442860160,20150107T000000,380000,3,2.5,2280,10255,2,4,8,2280,1985,98058,47.4334,2310,10094
7942600310,20140717T000000,375000,2,1,940,5120,1,3,7,940,1909,98122,47.6073,1300,5120
1545808560,20150403T000000,245000,3,2.5,1530,8500,1,5,7,1030,1996,98038,47.3592,1850,8140
936000060,20141014T000000,310000,5,1.75,2190,27260,1,4,7,2190,1947,98166,47.4546,1620,39480
9808650060,20150225T000000,1.30E+06,3,2,2350,15021,1,4,8,1770,1976,98004,47.6408,3530,15715
3754700160,20140506T000000,397000,4,2,1440,7680,1,3,7,1200,1971,98034,47.7245,1460,9660
305500140,20150512T000000,365000,3,2.5,2200,4052,2,3,8,2200,2005,98058,47.4362,2310,5082
5468750060,20141028T000000,328500,4,3,2290,8250,2,3,9,2290,1990,98042,47.3739,2290,8250
2944010240,20140908T000000,988000,4,3,4040,19700,2,3,10,4040,1987,98052,47.7205,3930,21887
3454000060,20140722T000000,1.00E+06,4,2.5,2610,3277,1.5,5,8,1920,1922,98103,47.6636,1810,3277
646910160,20140903T000000,237000,3,2.5,1490,2138,2,3,7,1490,2005,98055,47.4324,1490,2094
8564950390,20140919T000000,525000,4,2.5,2450,5280,2,3,8,2450,2003,98010,47.7734,2300,4674
2268400350,20140916T000000,749000,4,2.5,1710,9627,1,3,9,1440,1976,98006,47.559,2140,9131
7504101040,20140821T000000,722500,5,2.5,4870,10800,2,3,10,3470,1983,98074,47.633,3180,10398
10500890,20150312T000000,843000,3,2.5,3130,8750,2,3,10,3130,1991,98052,47.6954,2860,9003
9528102772,20140708T000000,438000,2,2,1270,1372,3,3,8,1270,2000,98105,47.6776,1610,3090
284000223,20140916T000000,578000,3,1.75,2120,10875,1,3,8,1540,1977,98146,47.504,2460,10760
3353401710,20140923T000000,227950,3,1.5,1670,8230,1,5,7,1670,1954,98001,47.2613,2077,4910
8159610030,20140722T000000,196000,3,2.25,2070,10576,2,3,7,2070,1974,98001,47.3417,1890,7519
3179100435,20140715T000000,641000,2,1,1420,5332,1,3,8,1070,1953,98105,47.6694,2400,5406
822079033,20150422T000000,350000,3,1.5,1250,219978,1,4,6,1250,1980,98038,47.4056,1930,210394
8857600960,20140819T000000,205000,3,1,940,7980,1,4,7,940,1960,98032,47.3838,1050,8050
1774000200,20141202T000000,400000,3,1.75,1920,9102,1,3,7,1920,1968,98072,47.7487,1920,9760
2024069128,20141010T000000,1.03E+06,3,2.5,3545,9816,1,3,10,2610,2005,98027,47.5534,3630,7704
1049010390,20150319T000000,505000,3,2,1260,5460,1,3,7,1260,1972,98034,47.7355,1510,5460
7905370390,20141009T000000,475000,5,2.5,2340,7200,1,3,7,1300,1975,98034,47.7206,1930,7221
4140090240,20141005T000000,520000,3,2.25,2590,9263,1,5,8,1440,1977,98028,47.7691,2580,9450
4055700030,20150502T000000,1.45E+06,3,4.5,3970,24920,2,3,10,3260,1977,98034,47.7183,2610,13838
3775300030,20141231T000000,333500,3,1.75,1220,9732,1,3,7,1220,1965,98010,47.7736,1630,10007
2525300030,20150222T000000,232000,3,1,1400,10403,1,4,6,1400,1976,98038,47.362,1230,10209
1324059104,20150421T000000,691000,3,2.75,2360,16107,1,4,8,1710,1983,98006,47.5698,2120,16107
2287000030,20141014T000000,810000,3,1.75,1870,9897,1,4,8,1870,1960,98040,47.5505,1900,10005
7702010030,20140520T000000,551000,3,2.5,2830,5802,2,3,9,2830,2001,98028,47.7605,2500,5788
1529200340,20150108T000000,496500,3,2.5,2260,3640,2,3,8,2260,1994,98072,47.7356,2350,3710
2122039094,20141026T000000,705000,3,3,1970,20978,2,4,9,1770,1980,98070,47.3844,2280,75396
1742800030,20140612T000000,578000,4,2.5,3140,9225,1,5,9,1770,1966,98055,47.4904,2460,9600
1796360350,20150128T000000,255000,3,1.75,1240,8659,1,5,7,1240,1986,98042,47.3663,1490,8223
6154500070,20140626T000000,1.05E+06,4,3.5,3450,7832,2,3,10,3450,2007,98006,47.5637,3220,8567
1843100340,20150305T000000,348000,3,2.25,2570,8491,2,4,8,2570,1989,98042,47.3759,2400,8049
8944290160,20141004T000000,230000,3,2,1510,3413,2,3,7,1510,1985,98031,47.3912,1570,3777
4166600473,20141209T000000,359500,4,2.25,2390,10250,2,3,9,2390,1988,98023,47.3305,2480,10250
7282300125,20141012T000000,330000,3,1,980,7000,1,3,6,980,1953,98133,47.7617,1220,7000
8658300340,20140523T000000,80000,1,0.75,430,5050,1,2,4,430,1912,98014,47.6499,1200,7500
2419600075,20141201T000000,465000,3,1.75,1480,6360,1,3,7,1480,1954,98133,47.731,1480,6360
2621760350,20141015T000000,325000,4,2.5,1850,7324,2,3,8,1850,1997,98042,47.3701,2100,7329
1723049270,20150107T000000,340500,3,2,2270,28025,1,4,7,1920,1947,98168,47.4857,1770,14833
4123840310,20150106T000000,342500,3,2.5,1810,5192,2,3,8,1810,1993,98038,47.3724,1810,6200
2172000075,20140623T000000,290900,2,2,1610,17600,2,3,6,1610,1930,98178,47.4855,1310,12950
8651610170,20150213T000000,868700,3,4.25,3840,6161,2,3,10,3840,2000,98074,47.6336,3230,7709
8820902200,20141013T000000,1.20E+06,4,2.75,4100,8400,2,3,9,3130,1928,98125,47.717,2820,8400
8651610890,20141014T000000,1.05E+06,4,3.25,4190,10259,2,3,10,3150,2000,98074,47.6332,4300,10919
1853080570,20140810T000000,859900,4,2.75,3390,6298,2,3,9,3390,2010,98074,47.5906,3390,7101
3629920030,20140808T000000,520000,4,2.25,1890,3006,2,3,7,1890,2003,98029,47.5461,1580,3000
1604602050,20140710T000000,460000,3,2.5,1610,2527,2,3,9,1080,2005,98108,47.5674,1610,4173
6844700810,20140901T000000,438924,3,1.5,1050,4590,1,3,7,850,1949,98105,47.6943,1770,5400
66000070,20150406T000000,315000,2,1,630,6550,1,3,5,630,1918,98126,47.5486,1420,6550
6665800030,20140718T000000,590000,4,2.75,2910,10650,1,3,8,1780,1975,98033,47.6658,2920,10988
2205700350,20141004T000000,378500,4,1.75,1700,8640,1,3,7,850,1955,98006,47.5772,1620,9000
5466000030,20140603T000000,328500,3,2.5,1950,8130,2,4,9,1950,1990,98042,47.3875,2350,7691
6189200125,20150325T000000,849950,3,3,2990,9773,2,4,8,2990,1973,98005,47.6344,2230,10553
9169600135,20141027T000000,525000,3,1.5,1350,6000,1,3,7,900,1950,98136,47.5275,1730,6012
2625069070,20150410T000000,1.39E+06,4,3.25,4860,181319,2.5,3,9,4860,1993,98074,47.6179,3850,181319
8732131090,20150428T000000,295000,4,2.5,2160,7725,1,4,8,1460,1978,98023,47.3078,2060,8250
9286000240,20140710T000000,1.07E+06,6,3.5,4860,10793,2,3,10,3860,1998,98006,47.5521,3600,10793
1895000260,20140721T000000,207950,2,2,890,5000,1,3,6,890,1917,98108,47.5158,1860,5000
8691370400,20141216T000000,699900,4,2.75,2810,7302,2,3,9,2810,2002,98075,47.5985,2820,7302
5423010350,20150210T000000,1.28E+06,5,2.5,3400,9500,2,4,8,3400,1977,98027,47.5645,3080,10081
8562501040,20141020T000000,452000,4,1.5,1580,7350,1,4,7,960,1963,98052,47.6734,1560,7350
2475200140,20150205T000000,370000,3,2,1680,5036,1,4,7,1680,1987,98055,47.4734,1680,4921
7942100310,20150127T000000,232000,3,1.75,1300,10230,1,5,7,1300,1968,98042,47.381,1300,10794
3760000030,20141030T000000,669950,5,2.5,2820,14062,2,4,7,2380,1960,98034,47.7081,1910,10392
1727500340,20140614T000000,397500,3,2,1510,6710,1,3,7,1070,1972,98034,47.7193,1660,6600
9828702519,20140512T000000,490000,2,2.5,1230,1391,2,3,8,870,2004,98102,47.6192,1240,1350
4432600075,20150128T000000,725000,4,2,2100,4140,2,3,9,1710,1925,98106,47.5836,1440,4420
7806300030,20140917T000000,299000,3,2.75,3080,19635,1,4,7,1610,1958,98032,47.3841,2424,12410
9274202270,20140818T000000,625000,2,1.5,1490,5750,1.5,4,7,1090,1900,98106,47.5872,1590,4025
